method,data_fraction,seed,accuracy,macro_f1,micro_f1,hamming_loss
zero_shot_bart,0.0,7,0.0073705546342362266,0.1902802654149418,0.17134877608017085,0.19916291558082602
zero_shot_bart,0.0,21,0.0073705546342362266,0.1902802654149418,0.17134877608017085,0.19916291558082602
zero_shot_bart,0.0,42,0.0073705546342362266,0.1902802654149418,0.17134877608017085,0.19916291558082602
